# Weekly cases of measles in Ontario; Canada; 1939-89,,,,
# Missing data for 1970,,,,
# data taken from file cdi_ca_on__1939-89_wk.xls,,,,
year,month,day,numdate,cases
1939,1,7,1939.019178,670
1939,1,14,1939.038356,850
1939,1,21,1939.057534,932
1939,1,28,1939.076712,933
1939,2,4,1939.09589,1335
1939,2,11,1939.115068,1033
1939,2,18,1939.134247,1161
1939,2,25,1939.153425,999
1939,3,4,1939.172603,1131
1939,3,11,1939.191781,845
1939,3,18,1939.210959,969
1939,3,25,1939.230137,879
1939,4,1,1939.249315,950
1939,4,8,1939.268493,790
1939,4,15,1939.287671,745
1939,4,22,1939.306849,845
1939,4,29,1939.326027,746
1939,5,6,1939.345205,877
1939,5,13,1939.364384,726
1939,5,20,1939.383562,760
1939,5,27,1939.40274,904
1939,6,3,1939.421918,936
1939,6,10,1939.441096,1229
1939,6,17,1939.460274,720
1939,6,24,1939.479452,795
1939,7,1,1939.49863,582
1939,7,8,1939.517808,609
1939,7,15,1939.536986,418
1939,7,22,1939.556164,252
1939,7,29,1939.575342,145
1939,8,5,1939.594521,128
1939,8,12,1939.613699,136
1939,8,19,1939.632877,82
1939,8,26,1939.652055,62
1939,9,2,1939.671233,16
1939,9,9,1939.690411,33
1939,9,16,1939.709589,43
1939,9,23,1939.728767,17
1939,9,30,1939.747945,20
1939,10,7,1939.767123,31
1939,10,14,1939.786301,124
1939,10,21,1939.805479,86
1939,10,28,1939.824658,140
1939,11,4,1939.843836,110
1939,11,11,1939.863014,251
1939,11,18,1939.882192,228
1939,11,25,1939.90137,270
1939,12,2,1939.920548,296
1939,12,9,1939.939726,279
1939,12,16,1939.958904,311
1939,12,23,1939.978082,103
1939,12,30,1939.99726,295
1940,1,6,1940.016438,415
1940,1,13,1940.035616,371
1940,1,20,1940.054795,328
1940,1,27,1940.073973,494
1940,2,3,1940.093151,341
1940,2,10,1940.112329,533
1940,2,17,1940.131507,461
1940,2,24,1940.150685,714
1940,3,2,1940.169863,660
1940,3,9,1940.189041,820
1940,3,16,1940.208219,1313
1940,3,23,1940.227397,373
1940,3,30,1940.246575,618
1940,4,6,1940.265753,588
1940,4,13,1940.284932,361
1940,4,20,1940.30411,500
1940,4,27,1940.323288,334
1940,5,4,1940.342466,343
1940,5,11,1940.361644,475
1940,5,18,1940.380822,299
1940,5,25,1940.4,378
1940,6,1,1940.419178,317
1940,6,8,1940.438356,289
1940,6,15,1940.457534,131
1940,6,22,1940.476712,220
1940,6,29,1940.49589,187
1940,7,6,1940.515068,116
1940,7,13,1940.534247,198
1940,7,20,1940.553425,86
1940,7,27,1940.572603,166
1940,8,3,1940.591781,98
1940,8,10,1940.610959,68
1940,8,17,1940.630137,89
1940,8,24,1940.649315,71
1940,8,31,1940.668493,65
1940,9,7,1940.687671,97
1940,9,14,1940.706849,32
1940,9,21,1940.726027,70
1940,9,28,1940.745205,93
1940,10,5,1940.764384,153
1940,10,12,1940.783562,87
1940,10,19,1940.80274,89
1940,10,26,1940.821918,111
1940,11,2,1940.841096,222
1940,11,9,1940.860274,170
1940,11,16,1940.879452,336
1940,11,23,1940.89863,246
1940,11,30,1940.917808,349
1940,12,7,1940.936986,254
1940,12,14,1940.956164,397
1940,12,21,1940.975342,262
1940,12,28,1940.994521,412
1941,1,7,1941.019178,490
1941,1,11,1941.030137,677
1941,1,18,1941.049315,452
1941,1,25,1941.068493,709
1941,2,1,1941.087671,593
1941,2,8,1941.106849,756
1941,2,15,1941.126027,1090
1941,2,22,1941.145205,907
1941,3,1,1941.164384,910
1941,3,8,1941.183562,1200
1941,3,15,1941.20274,912
1941,3,22,1941.221918,1390
1941,3,29,1941.241096,1278
1941,4,5,1941.260274,1023
1941,4,12,1941.279452,1181
1941,4,19,1941.29863,1403
1941,4,26,1941.317808,1433
1941,5,3,1941.336986,1431
1941,5,10,1941.356164,1418
1941,5,17,1941.375342,1537
1941,5,24,1941.394521,1313
1941,5,31,1941.413699,1703
1941,6,7,1941.432877,1245
1941,6,14,1941.452055,1000
1941,6,21,1941.471233,801
1941,6,28,1941.490411,729
1941,7,5,1941.509589,461
1941,7,12,1941.528767,309
1941,7,14,1941.534247,176
1941,7,26,1941.567123,103
1941,8,2,1941.586301,100
1941,8,9,1941.605479,107
1941,8,16,1941.624658,36
1941,8,23,1941.643836,97
1941,8,30,1941.663014,38
1941,9,6,1941.682192,22
1941,9,13,1941.70137,12
1941,9,20,1941.720548,19
1941,9,27,1941.739726,39
1941,10,4,1941.758904,33
1941,10,11,1941.778082,9
1941,10,18,1941.79726,61
1941,10,25,1941.816438,46
1941,11,1,1941.835616,93
1941,11,8,1941.854795,75
1941,11,15,1941.873973,29
1941,11,22,1941.893151,135
1941,11,29,1941.912329,128
1941,12,6,1941.931507,91
1941,12,13,1941.950685,74
1941,12,20,1941.969863,89
1941,12,27,1941.989041,51
1942,1,3,1942.008219,124
1942,1,10,1942.027397,109
1942,1,17,1942.046575,115
1942,1,24,1942.065753,134
1942,1,31,1942.084932,166
1942,2,7,1942.10411,107
1942,2,14,1942.123288,185
1942,2,21,1942.142466,117
1942,2,28,1942.161644,124
1942,3,7,1942.180822,179
1942,3,14,1942.2,239
1942,3,21,1942.219178,183
1942,3,28,1942.238356,168
1942,4,4,1942.257534,155
1942,4,11,1942.276712,185
1942,4,18,1942.29589,229
1942,4,25,1942.315068,155
1942,5,2,1942.334247,259
1942,5,9,1942.353425,160
1942,5,16,1942.372603,165
1942,5,23,1942.391781,170
1942,5,30,1942.410959,265
1942,6,6,1942.430137,275
1942,6,13,1942.449315,258
1942,6,20,1942.468493,307
1942,6,27,1942.487671,193
1942,7,4,1942.506849,256
1942,7,11,1942.526027,210
1942,7,18,1942.545205,120
1942,7,25,1942.564384,122
1942,8,1,1942.583562,38
1942,8,8,1942.60274,164
1942,8,15,1942.621918,23
1942,8,22,1942.641096,13
1942,8,29,1942.660274,36
1942,9,5,1942.679452,6
1942,9,12,1942.69863,13
1942,9,19,1942.717808,14
1942,9,26,1942.736986,12
1942,10,3,1942.756164,12
1942,10,10,1942.775342,28
1942,10,17,1942.794521,21
1942,10,24,1942.813699,79
1942,10,21,1942.805479,33
1942,11,7,1942.852055,91
1942,11,14,1942.871233,44
1942,11,21,1942.890411,101
1942,11,28,1942.909589,115
1942,12,5,1942.928767,105
1942,12,12,1942.947945,199
1942,12,19,1942.967123,84
1942,12,26,1942.986301,125
1943,1,2,1943.005479,119
1943,1,9,1943.024658,70
1943,1,16,1943.043836,122
1943,1,23,1943.063014,83
1943,1,30,1943.082192,74
1943,2,6,1943.10137,155
1943,2,13,1943.120548,158
1943,2,20,1943.139726,153
1943,2,27,1943.158904,375
1943,3,6,1943.178082,270
1943,3,13,1943.19726,353
1943,3,20,1943.216438,363
1943,3,27,1943.235616,431
1943,4,3,1943.254795,860
1943,4,10,1943.273973,833
1943,4,17,1943.293151,1556
1943,4,24,1943.312329,1094
1943,5,1,1943.331507,1840
1943,5,8,1943.350685,2111
1943,5,15,1943.369863,1708
1943,5,22,1943.389041,1608
1943,5,29,1943.408219,1686
1943,6,5,1943.427397,1520
1943,6,12,1943.446575,2089
1943,6,19,1943.465753,1663
1943,6,26,1943.484932,963
1943,7,3,1943.50411,1198
1943,7,10,1943.523288,642
1943,7,17,1943.542466,459
1943,7,24,1943.561644,417
1943,7,31,1943.580822,458
1943,8,7,1943.6,171
1943,8,14,1943.619178,154
1943,8,21,1943.638356,67
1943,8,28,1943.657534,51
1943,9,4,1943.676712,53
1943,9,11,1943.69589,37
1943,9,18,1943.715068,47
1943,9,25,1943.734247,59
1943,10,2,1943.753425,34
1943,10,9,1943.772603,65
1943,10,16,1943.791781,101
1943,10,23,1943.810959,101
1943,10,30,1943.830137,81
1943,11,6,1943.849315,503
1943,11,13,1943.868493,150
1943,11,20,1943.887671,130
1943,11,27,1943.906849,249
1943,12,4,1943.926027,209
1943,12,11,1943.945205,296
1943,12,18,1943.964384,222
1943,12,25,1943.983562,192
1944,1,1,1944.00274,97
1944,1,8,1944.021918,270
1944,1,15,1944.041096,538
1944,1,22,1944.060274,326
1944,1,29,1944.079452,313
1944,2,5,1944.09863,620
1944,2,12,1944.117808,553
1944,2,19,1944.136986,568
1944,2,26,1944.156164,679
1944,3,4,1944.175342,597
1944,3,11,1944.194521,667
1944,3,18,1944.213699,643
1944,3,25,1944.232877,576
1944,4,1,1944.252055,734
1944,4,8,1944.271233,665
1944,4,15,1944.290411,588
1944,4,22,1944.309589,707
1944,4,29,1944.328767,552
1944,5,6,1944.347945,734
1944,5,13,1944.367123,723
1944,5,20,1944.386301,711
1944,5,27,1944.405479,685
1944,6,3,1944.424658,755
1944,6,10,1944.443836,602
1944,6,17,1944.463014,493
1944,6,24,1944.482192,304
1944,7,1,1944.50137,371
1944,7,8,1944.520548,197
1944,7,15,1944.539726,135
1944,7,22,1944.558904,108
1944,7,29,1944.578082,68
1944,8,5,1944.59726,70
1944,8,12,1944.616438,37
1944,8,19,1944.635616,74
1944,8,26,1944.654795,32
1944,9,2,1944.673973,11
1944,9,9,1944.693151,34
1944,9,16,1944.712329,9
1944,9,23,1944.731507,7
1944,9,30,1944.750685,20
1944,10,7,1944.769863,24
1944,10,14,1944.789041,46
1944,10,21,1944.808219,30
1944,10,28,1944.827397,68
1944,11,4,1944.846575,30
1944,11,11,1944.865753,27
1944,11,18,1944.884932,165
1944,11,25,1944.90411,142
1944,12,2,1944.923288,86
1944,12,9,1944.942466,115
1944,12,16,1944.961644,103
1944,12,23,1944.980822,78
1944,12,30,1945,95
1945,1,6,1945.016438,61
1945,1,13,1945.035616,92
1945,1,20,1945.054795,80
1945,1,27,1945.073973,59
1945,2,3,1945.093151,134
1945,2,10,1945.112329,69
1945,2,17,1945.131507,93
1945,2,24,1945.150685,129
1945,3,3,1945.169863,61
1945,3,10,1945.189041,114
1945,3,17,1945.208219,79
1945,3,24,1945.227397,87
1945,3,31,1945.246575,106
1945,4,7,1945.265753,82
1945,4,14,1945.284932,107
1945,4,21,1945.30411,160
1945,4,28,1945.323288,86
1945,5,5,1945.342466,142
1945,5,12,1945.361644,251
1945,5,19,1945.380822,177
1945,5,26,1945.4,230
1945,6,2,1945.419178,219
1945,6,9,1945.438356,125
1945,6,16,1945.457534,185
1945,6,23,1945.476712,137
1945,6,30,1945.49589,229
1945,7,7,1945.515068,120
1945,7,14,1945.534247,58
1945,7,21,1945.553425,125
1945,7,28,1945.572603,50
1945,8,4,1945.591781,54
1945,8,11,1945.610959,79
1945,8,18,1945.630137,74
1945,8,25,1945.649315,46
1945,9,1,1945.668493,20
1945,9,8,1945.687671,36
1945,9,15,1945.706849,34
1945,9,22,1945.726027,65
1945,9,29,1945.745205,34
1945,10,6,1945.764384,90
1945,10,13,1945.783562,85
1945,10,20,1945.80274,178
1945,10,27,1945.821918,204
1945,11,3,1945.841096,277
1945,11,10,1945.860274,339
1945,11,17,1945.879452,331
1945,11,24,1945.89863,350
1945,12,1,1945.917808,1021
1945,12,8,1945.936986,415
1945,12,15,1945.956164,400
1945,12,22,1945.975342,357
1945,12,29,1945.994521,577
1946,1,5,1946.013699,1463
1946,1,12,1946.032877,966
1946,1,19,1946.052055,1124
1946,1,26,1946.071233,951
1946,2,2,1946.090411,1527
1946,2,9,1946.109589,1286
1946,2,16,1946.128767,1301
1946,2,23,1946.147945,1716
1946,3,2,1946.167123,1521
1946,3,9,1946.186301,1798
1946,3,16,1946.205479,1461
1946,3,23,1946.224658,1382
1946,3,30,1946.243836,1299
1946,4,6,1946.263014,1321
1946,4,13,1946.282192,1150
1946,4,20,1946.30137,960
1946,4,27,1946.320548,1396
1946,5,4,1946.339726,878
1946,5,11,1946.358904,1269
1946,5,18,1946.378082,942
1946,5,25,1946.39726,659
1946,6,1,1946.416438,1240
1946,6,8,1946.435616,548
1946,6,15,1946.454795,939
1946,6,22,1946.473973,504
1946,6,29,1946.493151,335
1946,7,6,1946.512329,309
1946,7,13,1946.531507,562
1946,7,20,1946.550685,200
1946,7,27,1946.569863,254
1946,8,3,1946.589041,73
1946,8,10,1946.608219,148
1946,8,17,1946.627397,38
1946,8,24,1946.646575,70
1946,8,31,1946.665753,41
1946,9,7,1946.684932,65
1946,9,14,1946.70411,37
1946,9,21,1946.723288,21
1946,9,28,1946.742466,50
1946,10,5,1946.761644,97
1946,10,12,1946.780822,98
1946,10,19,1946.8,38
1946,10,26,1946.819178,110
1946,11,2,1946.838356,37
1946,11,9,1946.857534,85
1946,11,16,1946.876712,42
1946,11,23,1946.89589,56
1946,11,30,1946.915068,130
1946,12,7,1946.934247,81
1946,12,14,1946.953425,103
1946,12,21,1946.972603,168
1946,12,28,1946.991781,27
1947,1,4,1947.010959,160
1947,1,11,1947.030137,64
1947,1,18,1947.049315,72
1947,1,25,1947.068493,80
1947,2,1,1947.087671,70
1947,2,8,1947.106849,56
1947,2,15,1947.126027,55
1947,2,22,1947.145205,94
1947,3,1,1947.164384,172
1947,3,8,1947.183562,109
1947,3,15,1947.20274,83
1947,3,22,1947.221918,206
1947,3,29,1947.241096,76
1947,4,5,1947.260274,102
1947,4,12,1947.279452,96
1947,4,19,1947.29863,162
1947,4,26,1947.317808,93
1947,5,3,1947.336986,208
1947,5,10,1947.356164,168
1947,5,17,1947.375342,252
1947,5,24,1947.394521,412
1947,5,31,1947.413699,356
1947,6,7,1947.432877,243
1947,6,14,1947.452055,276
1947,6,21,1947.471233,240
1947,6,28,1947.490411,160
1947,7,5,1947.509589,240
1947,7,12,1947.528767,102
1947,7,19,1947.547945,96
1947,7,26,1947.567123,66
1947,8,2,1947.586301,35
1947,8,9,1947.605479,74
1947,8,16,1947.624658,78
1947,8,23,1947.643836,36
1947,8,30,1947.663014,39
1947,9,6,1947.682192,62
1947,9,13,1947.70137,18
1947,9,20,1947.720548,48
1947,9,27,1947.739726,20
1947,10,4,1947.758904,40
1947,10,11,1947.778082,26
1947,10,18,1947.79726,45
1947,10,25,1947.816438,54
1947,11,1,1947.835616,80
1947,11,8,1947.854795,72
1947,11,15,1947.873973,190
1947,11,22,1947.893151,142
1947,11,29,1947.912329,211
1947,12,6,1947.931507,252
1947,12,13,1947.950685,341
1947,12,20,1947.969863,399
1947,12,27,1947.989041,315
1948,1,3,1948.008219,452
1948,1,10,1948.027397,811
1948,1,17,1948.046575,626
1948,1,24,1948.065753,885
1948,1,31,1948.084932,938
1948,2,7,1948.10411,1662
1948,2,14,1948.123288,1422
1948,2,21,1948.142466,1310
1948,2,28,1948.161644,1329
1948,3,6,1948.180822,1246
1948,3,13,1948.2,1566
1948,3,20,1948.219178,1276
1948,3,27,1948.238356,1231
1948,4,3,1948.257534,1321
1948,4,10,1948.276712,1149
1948,4,17,1948.29589,1075
1948,4,24,1948.315068,1183
1948,5,1,1948.334247,1223
1948,5,8,1948.353425,1127
1948,5,15,1948.372603,1045
1948,5,22,1948.391781,1424
1948,5,29,1948.410959,1160
1948,6,5,1948.430137,967
1948,6,12,1948.449315,1018
1948,6,19,1948.468493,1189
1948,6,26,1948.487671,754
1948,7,3,1948.506849,714
1948,7,10,1948.526027,468
1948,7,17,1948.545205,473
1948,7,24,1948.564384,159
1948,7,31,1948.583562,198
1948,8,7,1948.60274,107
1948,8,14,1948.621918,45
1948,8,21,1948.641096,53
1948,8,28,1948.660274,81
1948,9,4,1948.679452,51
1948,9,11,1948.69863,65
1948,9,18,1948.717808,13
1948,9,25,1948.736986,47
1948,10,2,1948.756164,38
1948,10,9,1948.775342,59
1948,10,16,1948.794521,39
1948,10,23,1948.813699,81
1948,10,30,1948.832877,99
1948,11,6,1948.852055,88
1948,11,13,1948.871233,125
1948,11,20,1948.890411,83
1948,11,27,1948.909589,116
1948,12,4,1948.928767,99
1948,12,11,1948.947945,124
1948,12,18,1948.967123,143
1948,12,25,1948.986301,56
1949,1,1,1949.00274,171
1949,1,8,1949.021918,221
1949,1,15,1949.041096,156
1949,1,22,1949.060274,311
1949,1,29,1949.079452,249
1949,2,5,1949.09863,336
1949,2,12,1949.117808,426
1949,2,19,1949.136986,236
1949,2,26,1949.156164,422
1949,3,5,1949.175342,294
1949,3,12,1949.194521,315
1949,3,19,1949.213699,466
1949,3,26,1949.232877,237
1949,4,2,1949.252055,204
1949,4,9,1949.271233,171
1949,4,16,1949.290411,168
1949,4,23,1949.309589,143
1949,4,30,1949.328767,281
1949,5,7,1949.347945,246
1949,5,14,1949.367123,278
1949,5,21,1949.386301,236
1949,5,28,1949.405479,226
1949,6,4,1949.424658,364
1949,6,11,1949.443836,299
1949,6,18,1949.463014,380
1949,6,25,1949.482192,266
1949,7,2,1949.50137,235
1949,7,9,1949.520548,263
1949,7,16,1949.539726,126
1949,7,23,1949.558904,90
1949,7,30,1949.578082,96
1949,8,6,1949.59726,76
1949,8,13,1949.616438,58
1949,8,20,1949.635616,18
1949,8,27,1949.654795,24
1949,9,3,1949.673973,20
1949,9,10,1949.693151,33
1949,9,17,1949.712329,22
1949,9,24,1949.731507,29
1949,10,1,1949.750685,42
1949,10,8,1949.769863,44
1949,10,15,1949.789041,50
1949,10,22,1949.808219,99
1949,10,29,1949.827397,50
1949,11,5,1949.846575,45
1949,11,12,1949.865753,43
1949,11,19,1949.884932,89
1949,11,26,1949.90411,142
1949,12,3,1949.923288,123
1949,12,10,1949.942466,109
1949,12,17,1949.961644,109
1949,12,24,1949.980822,87
1949,12,31,1950,602
1950,1,7,1950.019178,355
1950,1,14,1950.038356,415
1950,1,21,1950.057534,406
1950,1,28,1950.076712,501
1950,2,4,1950.09589,533
1950,2,11,1950.115068,723
1950,2,18,1950.134247,504
1950,2,25,1950.153425,620
1950,3,4,1950.172603,630
1950,3,11,1950.191781,624
1950,3,18,1950.210959,688
1950,3,25,1950.230137,389
1950,4,1,1950.249315,592
1950,4,8,1950.268493,588
1950,4,15,1950.287671,547
1950,4,22,1950.306849,347
1950,4,29,1950.326027,638
1950,5,6,1950.345205,560
1950,5,13,1950.364384,564
1950,5,20,1950.383562,828
1950,5,27,1950.40274,527
1950,6,3,1950.421918,1068
1950,6,10,1950.441096,345
1950,6,17,1950.460274,595
1950,6,24,1950.479452,723
1950,7,1,1950.49863,501
1950,7,8,1950.517808,469
1950,7,15,1950.536986,304
1950,7,22,1950.556164,193
1950,7,29,1950.575342,200
1950,8,5,1950.594521,197
1950,8,12,1950.613699,158
1950,8,19,1950.632877,119
1950,8,26,1950.652055,62
1950,9,2,1950.671233,70
1950,9,9,1950.690411,115
1950,9,16,1950.709589,50
1950,9,23,1950.728767,49
1950,9,30,1950.747945,183
1950,10,7,1950.767123,142
1950,10,14,1950.786301,164
1950,10,21,1950.805479,194
1950,10,28,1950.824658,281
1950,11,4,1950.843836,444
1950,11,11,1950.863014,558
1950,11,18,1950.882192,680
1950,11,25,1950.90137,787
1950,12,2,1950.920548,1198
1950,12,9,1950.939726,1161
1950,12,16,1950.958904,962
1950,12,23,1950.978082,1369
1950,12,30,1950.99726,1055
1951,1,6,1951.016438,2015
1951,1,13,1951.035616,1520
1951,1,20,1951.054795,1925
1951,1,27,1951.073973,2058
1951,2,3,1951.093151,2092
1951,2,10,1951.112329,2048
1951,2,17,1951.131507,2181
1951,2,24,1951.150685,1796
1951,3,3,1951.169863,1136
1951,3,10,1951.189041,1165
1951,3,17,1951.208219,737
1951,3,24,1951.227397,668
1951,3,31,1951.246575,560
1951,4,7,1951.265753,1067
1951,4,14,1951.284932,792
1951,4,21,1951.30411,665
1951,4,28,1951.323288,757
1951,5,5,1951.342466,876
1951,5,12,1951.361644,553
1951,5,19,1951.380822,421
1951,5,26,1951.4,484
1951,6,2,1951.419178,453
1951,6,9,1951.438356,359
1951,6,16,1951.457534,336
1951,6,23,1951.476712,364
1951,6,30,1951.49589,177
1951,7,7,1951.515068,145
1951,7,14,1951.534247,126
1951,7,21,1951.553425,57
1951,7,28,1951.572603,99
1951,8,4,1951.591781,43
1951,8,11,1951.610959,53
1951,8,18,1951.630137,37
1951,8,25,1951.649315,24
1951,9,1,1951.668493,27
1951,9,8,1951.687671,34
1951,9,15,1951.706849,29
1951,9,22,1951.726027,41
1951,9,29,1951.745205,46
1951,10,6,1951.764384,47
1951,10,13,1951.783562,44
1951,10,20,1951.80274,89
1951,10,27,1951.821918,31
1951,11,3,1951.841096,97
1951,11,10,1951.860274,106
1951,11,17,1951.879452,32
1951,11,24,1951.89863,97
1951,12,1,1951.917808,193
1951,12,8,1951.936986,150
1951,12,15,1951.956164,154
1951,12,22,1951.975342,140
1951,12,29,1951.994521,147
1952,1,5,1952.013699,220
1952,1,12,1952.032877,453
1952,1,19,1952.052055,668
1952,1,26,1952.071233,285
1952,2,2,1952.090411,378
1952,2,9,1952.109589,594
1952,2,16,1952.128767,468
1952,2,23,1952.147945,536
1952,3,1,1952.167123,592
1952,3,8,1952.186301,275
1952,3,15,1952.205479,532
1952,3,22,1952.224658,668
1952,3,29,1952.243836,486
1952,4,5,1952.263014,330
1952,4,12,1952.282192,460
1952,4,19,1952.30137,519
1952,4,26,1952.320548,454
1952,5,3,1952.339726,531
1952,5,10,1952.358904,484
1952,5,17,1952.378082,586
1952,5,24,1952.39726,655
1952,5,31,1952.416438,550
1952,6,7,1952.435616,491
1952,6,14,1952.454795,487
1952,6,21,1952.473973,414
1952,6,28,1952.493151,354
1952,7,5,1952.512329,323
1952,7,12,1952.531507,290
1952,7,19,1952.550685,184
1952,7,26,1952.569863,194
1952,8,2,1952.589041,73
1952,8,9,1952.608219,50
1952,8,16,1952.627397,40
1952,8,23,1952.646575,38
1952,8,30,1952.665753,61
1952,9,6,1952.684932,28
1952,9,13,1952.70411,41
1952,9,20,1952.723288,23
1952,9,27,1952.742466,48
1952,10,4,1952.761644,55
1952,10,11,1952.780822,113
1952,10,18,1952.8,86
1952,10,25,1952.819178,115
1952,11,1,1952.838356,224
1952,11,8,1952.857534,170
1952,11,15,1952.876712,170
1952,11,22,1952.89589,183
1952,11,29,1952.915068,291
1952,12,6,1952.934247,313
1952,12,13,1952.953425,429
1952,12,20,1952.972603,294
1952,12,27,1952.991781,508
1953,1,3,1953.008219,667
1953,1,10,1953.027397,853
1953,1,17,1953.046575,800
1953,1,24,1953.065753,972
1953,1,31,1953.084932,1004
1953,2,7,1953.10411,1011
1953,2,14,1953.123288,1024
1953,2,21,1953.142466,1026
1953,2,28,1953.161644,1065
1953,3,7,1953.180822,954
1953,3,14,1953.2,1069
1953,3,21,1953.219178,962
1953,3,28,1953.238356,882
1953,4,4,1953.257534,675
1953,4,11,1953.276712,536
1953,4,18,1953.29589,711
1953,4,25,1953.315068,632
1953,5,2,1953.334247,675
1953,5,9,1953.353425,730
1953,5,16,1953.372603,597
1953,5,23,1953.391781,664
1953,5,30,1953.410959,662
1953,6,6,1953.430137,615
1953,6,13,1953.449315,641
1953,6,20,1953.468493,484
1953,6,27,1953.487671,388
1953,7,4,1953.506849,222
1953,7,11,1953.526027,115
1953,7,18,1953.545205,166
1953,7,25,1953.564384,110
1953,8,1,1953.583562,95
1953,8,8,1953.60274,47
1953,8,15,1953.621918,24
1953,8,22,1953.641096,40
1953,8,29,1953.660274,27
1953,9,5,1953.679452,10
1953,9,12,1953.69863,31
1953,9,19,1953.717808,13
1953,9,26,1953.736986,8
1953,10,3,1953.756164,23
1953,10,10,1953.775342,31
1953,10,17,1953.794521,68
1953,10,24,1953.813699,29
1953,10,31,1953.832877,62
1953,11,7,1953.852055,62
1953,11,14,1953.871233,50
1953,11,21,1953.890411,119
1953,11,28,1953.909589,110
1953,12,5,1953.928767,126
1953,12,12,1953.947945,128
1953,12,19,1953.967123,111
1953,12,26,1953.986301,111
1954,1,2,1954.005479,249
1954,1,9,1954.024658,278
1954,1,16,1954.043836,219
1954,1,23,1954.063014,240
1954,1,30,1954.082192,279
1954,2,6,1954.10137,201
1954,2,13,1954.120548,393
1954,2,20,1954.139726,466
1954,2,27,1954.158904,435
1954,3,6,1954.178082,351
1954,3,13,1954.19726,365
1954,3,20,1954.216438,80
1954,3,27,1954.235616,340
1954,4,3,1954.254795,394
1954,4,10,1954.273973,309
1954,4,17,1954.293151,234
1954,4,24,1954.312329,225
1954,5,1,1954.331507,187
1954,5,8,1954.350685,230
1954,5,15,1954.369863,129
1954,5,22,1954.389041,170
1954,5,29,1954.408219,219
1954,6,5,1954.427397,279
1954,6,12,1954.446575,232
1954,6,19,1954.465753,190
1954,6,26,1954.484932,204
1954,7,3,1954.50411,216
1954,7,10,1954.523288,242
1954,7,17,1954.542466,163
1954,7,24,1954.561644,151
1954,7,31,1954.580822,75
1954,8,7,1954.6,81
1954,8,14,1954.619178,46
1954,8,21,1954.638356,59
1954,8,28,1954.657534,37
1954,9,4,1954.676712,13
1954,9,11,1954.69589,39
1954,9,18,1954.715068,23
1954,9,25,1954.734247,35
1954,10,2,1954.753425,29
1954,10,9,1954.772603,40
1954,10,16,1954.791781,32
1954,10,23,1954.810959,58
1954,10,30,1954.830137,94
1954,11,6,1954.849315,101
1954,11,13,1954.868493,140
1954,11,20,1954.887671,176
1954,11,27,1954.906849,198
1954,12,4,1954.926027,196
1954,12,11,1954.945205,258
1954,12,18,1954.964384,124
1954,12,25,1954.983562,267
1955,1,1,1955.00274,186
1955,1,8,1955.021918,313
1955,1,15,1955.041096,325
1955,1,22,1955.060274,339
1955,1,29,1955.079452,311
1955,2,5,1955.09863,343
1955,2,12,1955.117808,366
1955,2,19,1955.136986,428
1955,2,26,1955.156164,534
1955,3,5,1955.175342,734
1955,3,12,1955.194521,517
1955,3,19,1955.213699,621
1955,3,26,1955.232877,622
1955,4,2,1955.252055,621
1955,4,9,1955.271233,585
1955,4,16,1955.290411,569
1955,4,23,1955.309589,703
1955,4,30,1955.328767,539
1955,5,7,1955.347945,636
1955,5,14,1955.367123,618
1955,5,21,1955.386301,657
1955,5,28,1955.405479,736
1955,6,4,1955.424658,537
1955,6,11,1955.443836,711
1955,6,18,1955.463014,722
1955,6,25,1955.482192,504
1955,7,2,1955.50137,366
1955,7,9,1955.520548,395
1955,7,16,1955.539726,175
1955,7,23,1955.558904,178
1955,7,30,1955.578082,173
1955,8,6,1955.59726,66
1955,8,13,1955.616438,116
1955,8,20,1955.635616,79
1955,8,27,1955.654795,50
1955,9,3,1955.673973,50
1955,9,10,1955.693151,34
1955,9,17,1955.712329,28
1955,9,24,1955.731507,89
1955,10,1,1955.750685,118
1955,10,8,1955.769863,84
1955,10,15,1955.789041,302
1955,10,22,1955.808219,234
1955,10,29,1955.827397,291
1955,11,5,1955.846575,342
1955,11,12,1955.865753,479
1955,11,19,1955.884932,585
1955,11,26,1955.90411,706
1955,12,3,1955.923288,686
1955,12,10,1955.942466,618
1955,12,17,1955.961644,781
1955,12,24,1955.980822,876
1955,12,31,1956,242
1956,1,7,1956.019178,1188
1956,1,14,1956.038356,1005
1956,1,21,1956.057534,856
1956,1,28,1956.076712,954
1956,2,4,1956.09589,985
1956,2,11,1956.115068,822
1956,2,18,1956.134247,828
1956,2,25,1956.153425,1158
1956,3,3,1956.172603,802
1956,3,10,1956.191781,949
1956,3,17,1956.210959,857
1956,3,24,1956.230137,614
1956,3,31,1956.249315,531
1956,4,7,1956.268493,529
1956,4,14,1956.287671,594
1956,4,21,1956.306849,725
1956,4,28,1956.326027,554
1956,5,5,1956.345205,733
1956,5,12,1956.364384,501
1956,5,19,1956.383562,967
1956,5,26,1956.40274,861
1956,6,2,1956.421918,560
1956,6,9,1956.441096,658
1956,6,16,1956.460274,695
1956,6,23,1956.479452,762
1956,6,30,1956.49863,452
1956,7,7,1956.517808,281
1956,7,14,1956.536986,219
1956,7,21,1956.556164,180
1956,7,28,1956.575342,184
1956,8,4,1956.594521,125
1956,8,11,1956.613699,118
1956,8,18,1956.632877,76
1956,8,25,1956.652055,156
1956,9,1,1956.671233,60
1956,9,8,1956.690411,135
1956,9,15,1956.709589,87
1956,9,22,1956.728767,87
1956,9,29,1956.747945,177
1956,10,6,1956.767123,68
1956,10,13,1956.786301,202
1956,10,20,1956.805479,196
1956,10,27,1956.824658,172
1956,11,3,1956.843836,362
1956,11,10,1956.863014,207
1956,11,17,1956.882192,339
1956,11,24,1956.90137,389
1956,12,1,1956.920548,493
1956,12,8,1956.939726,378
1956,12,15,1956.958904,258
1956,12,22,1956.978082,256
1956,12,29,1956.99726,501
1957,1,5,1957.013699,521
1957,1,12,1957.032877,529
1957,1,19,1957.052055,445
1957,1,26,1957.071233,603
1957,2,2,1957.090411,541
1957,2,9,1957.109589,623
1957,2,16,1957.128767,624
1957,2,23,1957.147945,560
1957,3,2,1957.167123,401
1957,3,9,1957.186301,503
1957,3,16,1957.205479,547
1957,3,23,1957.224658,621
1957,3,30,1957.243836,398
1957,4,6,1957.263014,393
1957,4,13,1957.282192,292
1957,4,20,1957.30137,481
1957,4,27,1957.320548,379
1957,5,4,1957.339726,481
1957,5,11,1957.358904,358
1957,5,18,1957.378082,317
1957,5,25,1957.39726,343
1957,6,1,1957.416438,347
1957,6,8,1957.435616,488
1957,6,15,1957.454795,275
1957,6,22,1957.473973,298
1957,6,29,1957.493151,113
1957,7,6,1957.512329,141
1957,7,13,1957.531507,55
1957,7,20,1957.550685,147
1957,7,27,1957.569863,63
1957,8,3,1957.589041,91
1957,8,10,1957.608219,37
1957,8,17,1957.627397,54
1957,8,24,1957.646575,40
1957,8,31,1957.665753,13
1957,9,7,1957.684932,27
1957,9,14,1957.70411,17
1957,9,21,1957.723288,56
1957,9,28,1957.742466,12
1957,10,5,1957.761644,23
1957,10,12,1957.780822,14
1957,10,19,1957.8,21
1957,10,26,1957.819178,30
1957,11,2,1957.838356,32
1957,11,9,1957.857534,82
1957,11,16,1957.876712,50
1957,11,23,1957.89589,37
1957,11,30,1957.915068,39
1957,12,7,1957.934247,71
1957,12,14,1957.953425,68
1957,12,21,1957.972603,73
1957,12,28,1957.991781,68
1958,1,4,1958.010959,105
1958,1,11,1958.030137,107
1958,1,18,1958.049315,111
1958,1,25,1958.068493,110
1958,2,1,1958.087671,114
1958,2,8,1958.106849,207
1958,2,15,1958.126027,123
1958,2,22,1958.145205,163
1958,3,1,1958.164384,216
1958,3,8,1958.183562,195
1958,3,15,1958.20274,170
1958,3,22,1958.221918,252
1958,3,29,1958.241096,339
1958,4,5,1958.260274,206
1958,4,12,1958.279452,251
1958,4,19,1958.29863,421
1958,4,26,1958.317808,365
1958,5,3,1958.336986,428
1958,5,10,1958.356164,451
1958,5,17,1958.375342,502
1958,5,24,1958.394521,579
1958,5,31,1958.413699,702
1958,6,7,1958.432877,674
1958,6,14,1958.452055,645
1958,6,21,1958.471233,628
1958,6,28,1958.490411,610
1958,7,5,1958.509589,408
1958,7,12,1958.528767,373
1958,7,19,1958.547945,281
1958,7,26,1958.567123,209
1958,8,2,1958.586301,151
1958,8,9,1958.605479,190
1958,8,16,1958.624658,117
1958,8,23,1958.643836,72
1958,8,30,1958.663014,110
1958,9,6,1958.682192,70
1958,9,13,1958.70137,93
1958,9,20,1958.720548,101
1958,9,27,1958.739726,110
1958,10,4,1958.758904,129
1958,10,11,1958.778082,110
1958,10,18,1958.79726,300
1958,10,25,1958.816438,272
1958,11,1,1958.835616,346
1958,11,8,1958.854795,442
1958,11,15,1958.873973,513
1958,11,22,1958.893151,698
1958,11,29,1958.912329,615
1958,12,6,1958.931507,689
1958,12,13,1958.950685,399
1958,12,20,1958.969863,569
1958,12,27,1958.989041,567
1959,1,3,1959.008219,1312
1959,1,10,1959.027397,1111
1959,1,17,1959.046575,1013
1959,1,24,1959.065753,985
1959,1,31,1959.084932,855
1959,2,7,1959.10411,1148
1959,2,14,1959.123288,1086
1959,2,21,1959.142466,1067
1959,2,28,1959.161644,1218
1959,3,7,1959.180822,1032
1959,3,14,1959.2,885
1959,3,21,1959.219178,758
1959,3,28,1959.238356,472
1959,4,4,1959.257534,466
1959,4,11,1959.276712,519
1959,4,18,1959.29589,448
1959,4,25,1959.315068,379
1959,5,2,1959.334247,432
1959,5,9,1959.353425,482
1959,5,16,1959.372603,530
1959,5,23,1959.391781,609
1959,5,30,1959.410959,542
1959,6,6,1959.430137,305
1959,6,13,1959.449315,557
1959,6,20,1959.468493,375
1959,6,27,1959.487671,195
1959,7,4,1959.506849,210
1959,7,11,1959.526027,92
1959,7,18,1959.545205,102
1959,7,25,1959.564384,48
1959,8,1,1959.583562,51
1959,8,8,1959.60274,28
1959,8,15,1959.621918,41
1959,8,22,1959.641096,38
1959,8,29,1959.660274,47
1959,9,5,1959.679452,18
1959,9,12,1959.69863,47
1959,9,19,1959.717808,17
1959,9,26,1959.736986,72
1959,10,3,1959.756164,57
1959,10,10,1959.775342,19
1959,10,17,1959.794521,24
1959,10,24,1959.813699,20
1959,10,31,1959.832877,55
1959,11,7,1959.852055,24
1959,11,14,1959.871233,38
1959,11,21,1959.890411,54
1959,11,28,1959.909589,59
1959,12,5,1959.928767,115
1959,12,12,1959.947945,121
1959,12,19,1959.967123,30
1959,12,26,1959.986301,103
1960,1,2,1960.005479,152
1960,1,9,1960.024658,68
1960,1,16,1960.043836,135
1960,1,23,1960.063014,202
1960,1,30,1960.082192,277
1960,2,6,1960.10137,222
1960,2,13,1960.120548,276
1960,2,20,1960.139726,217
1960,2,27,1960.158904,266
1960,3,5,1960.178082,423
1960,3,12,1960.19726,81
1960,3,19,1960.216438,423
1960,3,26,1960.235616,132
1960,4,2,1960.254795,457
1960,4,9,1960.273973,101
1960,4,16,1960.293151,208
1960,4,23,1960.312329,198
1960,4,30,1960.331507,297
1960,5,7,1960.350685,211
1960,5,14,1960.369863,128
1960,5,21,1960.389041,212
1960,5,28,1960.408219,148
1960,6,4,1960.427397,138
1960,6,11,1960.446575,157
1960,6,18,1960.465753,108
1960,6,25,1960.484932,60
1960,7,2,1960.50411,155
1960,7,9,1960.523288,57
1960,7,16,1960.542466,63
1960,7,23,1960.561644,33
1960,7,30,1960.580822,46
1960,8,6,1960.6,31
1960,8,13,1960.619178,33
1960,8,20,1960.638356,31
1960,8,27,1960.657534,27
1960,9,3,1960.676712,20
1960,9,10,1960.69589,51
1960,9,17,1960.715068,15
1960,9,24,1960.734247,21
1960,10,1,1960.753425,19
1960,10,8,1960.772603,57
1960,10,15,1960.791781,53
1960,10,22,1960.810959,191
1960,10,29,1960.830137,51
1960,11,5,1960.849315,95
1960,11,12,1960.868493,72
1960,11,19,1960.887671,86
1960,11,26,1960.906849,74
1960,12,3,1960.926027,147
1960,12,10,1960.945205,199
1960,12,17,1960.964384,172
1960,12,24,1960.983562,216
1960,12,31,1961.00274,266
1961,1,7,1961.019178,430
1961,1,14,1961.038356,479
1961,1,21,1961.057534,484
1961,1,28,1961.076712,598
1961,2,4,1961.09589,740
1961,2,11,1961.115068,752
1961,2,18,1961.134247,1086
1961,2,25,1961.153425,986
1961,3,4,1961.172603,1359
1961,3,11,1961.191781,978
1961,3,18,1961.210959,1490
1961,3,25,1961.230137,1390
1961,4,1,1961.249315,1166
1961,4,8,1961.268493,1025
1961,4,15,1961.287671,1243
1961,4,22,1961.306849,1133
1961,4,29,1961.326027,1151
1961,5,6,1961.345205,1397
1961,5,13,1961.364384,1330
1961,5,20,1961.383562,1302
1961,5,27,1961.40274,964
1961,6,3,1961.421918,1224
1961,6,10,1961.441096,1252
1961,6,17,1961.460274,849
1961,6,24,1961.479452,864
1961,7,1,1961.49863,813
1961,7,8,1961.517808,587
1961,7,15,1961.536986,333
1961,7,22,1961.556164,241
1961,7,29,1961.575342,227
1961,8,5,1961.594521,129
1961,8,12,1961.613699,109
1961,8,19,1961.632877,72
1961,8,26,1961.652055,56
1961,9,2,1961.671233,39
1961,9,9,1961.690411,87
1961,9,16,1961.709589,93
1961,9,23,1961.728767,56
1961,9,30,1961.747945,42
1961,10,7,1961.767123,89
1961,10,14,1961.786301,76
1961,10,21,1961.805479,96
1961,10,28,1961.824658,194
1961,11,4,1961.843836,65
1961,11,11,1961.863014,535
1961,11,18,1961.882192,193
1961,11,25,1961.90137,175
1961,12,2,1961.920548,216
1961,12,9,1961.939726,201
1961,12,16,1961.958904,175
1961,12,23,1961.978082,382
1961,12,30,1961.99726,243
1962,1,6,1962.016438,361
1962,1,13,1962.035616,389
1962,1,20,1962.054795,390
1962,1,27,1962.073973,321
1962,2,3,1962.093151,856
1962,2,10,1962.112329,286
1962,2,17,1962.131507,339
1962,2,24,1962.150685,446
1962,3,3,1962.169863,352
1962,3,10,1962.189041,442
1962,3,17,1962.208219,366
1962,3,24,1962.227397,359
1962,3,31,1962.246575,559
1962,4,7,1962.265753,379
1962,4,14,1962.284932,449
1962,4,21,1962.30411,332
1962,4,28,1962.323288,261
1962,5,5,1962.342466,353
1962,5,12,1962.361644,522
1962,5,19,1962.380822,275
1962,5,26,1962.4,338
1962,6,2,1962.419178,289
1962,6,9,1962.438356,398
1962,6,16,1962.457534,314
1962,6,23,1962.476712,334
1962,6,30,1962.49589,322
1962,7,7,1962.515068,401
1962,7,14,1962.534247,228
1962,7,21,1962.553425,170
1962,7,28,1962.572603,99
1962,8,4,1962.591781,43
1962,8,11,1962.610959,56
1962,8,18,1962.630137,74
1962,8,25,1962.649315,79
1962,9,1,1962.668493,38
1962,9,8,1962.687671,82
1962,9,15,1962.706849,30
1962,9,22,1962.726027,70
1962,9,29,1962.745205,57
1962,10,6,1962.764384,78
1962,10,13,1962.783562,120
1962,10,20,1962.80274,79
1962,10,27,1962.821918,193
1962,11,3,1962.841096,128
1962,11,10,1962.860274,209
1962,11,17,1962.879452,184
1962,11,24,1962.89863,228
1962,12,1,1962.917808,223
1962,12,8,1962.936986,473
1962,12,15,1962.956164,488
1962,12,22,1962.975342,251
1962,12,29,1962.994521,346
1963,1,5,1963.013699,551
1963,1,12,1963.032877,703
1963,1,19,1963.052055,539
1963,1,26,1963.071233,686
1963,2,2,1963.090411,630
1963,2,9,1963.109589,561
1963,2,16,1963.128767,587
1963,2,23,1963.147945,730
1963,3,2,1963.167123,769
1963,3,9,1963.186301,780
1963,3,16,1963.205479,932
1963,3,23,1963.224658,839
1963,3,30,1963.243836,640
1963,4,6,1963.263014,744
1963,4,13,1963.282192,644
1963,4,20,1963.30137,599
1963,4,27,1963.320548,417
1963,5,4,1963.339726,611
1963,5,11,1963.358904,619
1963,5,18,1963.378082,531
1963,5,25,1963.39726,648
1963,6,1,1963.416438,658
1963,6,8,1963.435616,536
1963,6,15,1963.454795,555
1963,6,22,1963.473973,460
1963,6,29,1963.493151,382
1963,7,6,1963.512329,301
1963,7,13,1963.531507,166
1963,7,20,1963.550685,139
1963,7,27,1963.569863,156
1963,8,3,1963.589041,89
1963,8,10,1963.608219,85
1963,8,17,1963.627397,46
1963,8,24,1963.646575,29
1963,8,31,1963.665753,38
1963,9,7,1963.684932,69
1963,9,14,1963.70411,39
1963,9,21,1963.723288,31
1963,9,28,1963.742466,45
1963,10,5,1963.761644,41
1963,10,12,1963.780822,93
1963,10,19,1963.8,107
1963,10,26,1963.819178,161
1963,11,2,1963.838356,65
1963,11,9,1963.857534,220
1963,11,16,1963.876712,258
1963,11,23,1963.89589,247
1963,11,30,1963.915068,240
1963,12,7,1963.934247,331
1963,12,14,1963.953425,379
1963,12,21,1963.972603,202
1963,12,28,1963.991781,315
1964,1,4,1964.010959,203
1964,1,11,1964.030137,344
1964,1,18,1964.049315,311
1964,1,25,1964.068493,260
1964,2,1,1964.087671,403
1964,2,8,1964.106849,815
1964,2,15,1964.126027,456
1964,2,22,1964.145205,483
1964,2,29,1964.164384,721
1964,3,7,1964.183562,485
1964,3,14,1964.20274,627
1964,3,21,1964.221918,390
1964,3,28,1964.241096,434
1964,4,4,1964.260274,688
1964,4,11,1964.279452,454
1964,4,18,1964.29863,359
1964,4,25,1964.317808,350
1964,5,2,1964.336986,799
1964,5,9,1964.356164,657
1964,5,16,1964.375342,380
1964,5,23,1964.394521,533
1964,5,30,1964.413699,827
1964,6,6,1964.432877,407
1964,6,13,1964.452055,404
1964,6,20,1964.471233,538
1964,6,27,1964.490411,342
1964,7,4,1964.509589,502
1964,7,11,1964.528767,168
1964,7,18,1964.547945,163
1964,7,25,1964.567123,130
1964,8,1,1964.586301,75
1964,8,8,1964.605479,55
1964,8,15,1964.624658,33
1964,8,22,1964.643836,28
1964,8,29,1964.663014,28
1964,9,5,1964.682192,26
1964,9,12,1964.70137,26
1964,9,19,1964.720548,30
1964,9,26,1964.739726,36
1964,10,3,1964.758904,85
1964,10,10,1964.778082,47
1964,10,17,1964.79726,149
1964,10,24,1964.816438,144
1964,10,31,1964.835616,69
1964,11,7,1964.854795,110
1964,11,14,1964.873973,114
1964,11,21,1964.893151,160
1964,11,28,1964.912329,127
1964,12,5,1964.931507,229
1964,12,12,1964.950685,174
1964,12,19,1964.969863,117
1964,12,26,1964.989041,286
1965,1,2,1965.005479,264
1965,1,9,1965.024658,360
1965,1,16,1965.043836,395
1965,1,23,1965.063014,418
1965,1,30,1965.082192,400
1965,2,6,1965.10137,497
1965,2,13,1965.120548,528
1965,2,20,1965.139726,770
1965,2,27,1965.158904,627
1965,3,6,1965.178082,975
1965,3,13,1965.19726,891
1965,3,20,1965.216438,852
1965,3,27,1965.235616,800
1965,4,3,1965.254795,1435
1965,4,10,1965.273973,959
1965,4,17,1965.293151,583
1965,4,24,1965.312329,681
1965,5,1,1965.331507,942
1965,5,8,1965.350685,1112
1965,5,15,1965.369863,796
1965,5,22,1965.389041,803
1965,5,29,1965.408219,709
1965,6,5,1965.427397,874
1965,6,12,1965.446575,860
1965,6,19,1965.465753,563
1965,6,26,1965.484932,320
1965,7,3,1965.50411,533
1965,7,10,1965.523288,282
1965,7,17,1965.542466,127
1965,7,24,1965.561644,94
1965,7,31,1965.580822,63
1965,8,7,1965.6,77
1965,8,14,1965.619178,57
1965,8,21,1965.638356,41
1965,8,28,1965.657534,69
1965,9,4,1965.676712,29
1965,9,11,1965.69589,85
1965,9,18,1965.715068,26
1965,9,25,1965.734247,24
1965,10,2,1965.753425,48
1965,10,9,1965.772603,26
1965,10,16,1965.791781,115
1965,10,23,1965.810959,51
1965,10,30,1965.830137,78
1965,11,6,1965.849315,167
1965,11,13,1965.868493,114
1965,11,20,1965.887671,132
1965,11,27,1965.906849,163
1965,12,4,1965.926027,139
1965,12,11,1965.945205,262
1965,12,18,1965.964384,125
1965,12,25,1965.983562,151
1966,1,1,1966.00274,102
1966,1,8,1966.021918,162
1966,1,15,1966.041096,378
1966,1,22,1966.060274,340
1966,1,29,1966.079452,396
1966,2,5,1966.09863,295
1966,2,12,1966.117808,260
1966,2,19,1966.136986,265
1966,2,26,1966.156164,292
1966,3,5,1966.175342,381
1966,3,12,1966.194521,235
1966,3,19,1966.213699,334
1966,3,26,1966.232877,222
1966,4,2,1966.252055,274
1966,4,9,1966.271233,414
1966,4,16,1966.290411,217
1966,4,23,1966.309589,202
1966,4,30,1966.328767,216
1966,5,7,1966.347945,227
1966,5,14,1966.367123,241
1966,5,21,1966.386301,211
1966,5,28,1966.405479,344
1966,6,4,1966.424658,243
1966,6,11,1966.443836,298
1966,6,18,1966.463014,299
1966,6,25,1966.482192,169
1966,7,2,1966.50137,206
1966,7,9,1966.520548,101
1966,7,16,1966.539726,57
1966,7,23,1966.558904,40
1966,7,30,1966.578082,22
1966,8,6,1966.59726,33
1966,8,13,1966.616438,23
1966,8,20,1966.635616,19
1966,8,27,1966.654795,25
1966,9,3,1966.673973,9
1966,9,10,1966.693151,11
1966,9,17,1966.712329,18
1966,9,24,1966.731507,13
1966,10,1,1966.750685,23
1966,10,8,1966.769863,12
1966,10,15,1966.789041,37
1966,10,22,1966.808219,28
1966,10,29,1966.827397,24
1966,11,5,1966.846575,18
1966,11,12,1966.865753,47
1966,11,19,1966.884932,63
1966,11,26,1966.90411,75
1966,12,3,1966.923288,102
1966,12,10,1966.942466,125
1966,12,17,1966.961644,174
1966,12,24,1966.980822,167
1966,12,31,1967,82
1967,1,7,1967.019178,166
1967,1,14,1967.038356,134
1967,1,21,1967.057534,294
1967,1,28,1967.076712,251
1967,2,4,1967.09589,298
1967,2,11,1967.115068,341
1967,2,18,1967.134247,248
1967,2,25,1967.153425,409
1967,3,4,1967.172603,480
1967,3,11,1967.191781,446
1967,3,18,1967.210959,356
1967,3,25,1967.230137,339
1967,4,1,1967.249315,649
1967,4,8,1967.268493,435
1967,4,15,1967.287671,371
1967,4,22,1967.306849,529
1967,4,29,1967.326027,637
1967,5,6,1967.345205,696
1967,5,13,1967.364384,661
1967,5,20,1967.383562,618
1967,5,27,1967.40274,508
1967,6,3,1967.421918,563
1967,6,10,1967.441096,764
1967,6,17,1967.460274,583
1967,6,24,1967.479452,435
1967,7,1,1967.49863,276
1967,7,8,1967.517808,354
1967,7,15,1967.536986,133
1967,7,22,1967.556164,82
1967,7,29,1967.575342,79
1967,8,5,1967.594521,47
1967,8,12,1967.613699,44
1967,8,19,1967.632877,33
1967,8,26,1967.652055,31
1967,9,2,1967.671233,35
1967,9,9,1967.690411,9
1967,9,16,1967.709589,19
1967,9,23,1967.728767,16
1967,9,30,1967.747945,18
1967,10,7,1967.767123,55
1967,10,14,1967.786301,67
1967,10,21,1967.805479,90
1967,10,28,1967.824658,118
1967,11,4,1967.843836,67
1967,11,11,1967.863014,177
1967,11,18,1967.882192,202
1967,11,25,1967.90137,155
1967,12,2,1967.920548,173
1967,12,9,1967.939726,227
1967,12,16,1967.958904,91
1967,12,23,1967.978082,121
1967,12,30,1967.99726,86
1968,1,6,1968.016438,121
1968,1,13,1968.035616,143
1968,1,20,1968.054795,241
1968,1,27,1968.073973,178
1968,2,3,1968.093151,190
1968,2,10,1968.112329,101
1968,2,17,1968.131507,233
1968,2,24,1968.150685,66
1968,3,2,1968.169863,157
1968,3,9,1968.189041,127
1968,3,16,1968.208219,102
1968,3,23,1968.227397,76
1968,3,30,1968.246575,88
1968,4,6,1968.265753,198
1968,4,13,1968.284932,103
1968,4,20,1968.30411,127
1968,4,27,1968.323288,144
1968,5,4,1968.342466,152
1968,5,11,1968.361644,201
1968,5,18,1968.380822,180
1968,5,25,1968.4,192
1968,6,1,1968.419178,267
1968,6,8,1968.438356,194
1968,6,15,1968.457534,301
1968,6,22,1968.476712,153
1968,6,29,1968.49589,160
1968,7,6,1968.515068,90
1968,7,13,1968.534247,22
1968,7,20,1968.553425,38
1968,7,27,1968.572603,30
1968,8,3,1968.591781,8
1968,8,10,1968.610959,5
1968,8,17,1968.630137,51
1968,8,24,1968.649315,17
1968,8,31,1968.668493,13
1968,9,7,1968.687671,12
1968,9,14,1968.706849,8
1968,9,21,1968.726027,12
1968,9,28,1968.745205,17
1968,10,5,1968.764384,27
1968,10,12,1968.783562,17
1968,10,19,1968.80274,15
1968,10,26,1968.821918,26
1968,11,2,1968.841096,83
1968,11,9,1968.860274,25
1968,11,16,1968.879452,33
1968,11,23,1968.89863,36
1968,11,30,1968.917808,30
1968,12,7,1968.936986,49
1968,12,14,1968.956164,42
1968,12,21,1968.975342,64
1968,12,28,1968.994521,31
1969,1,4,1969.010959,18
1969,1,11,1969.030137,80
1969,1,18,1969.049315,68
1969,1,25,1969.068493,55
1969,2,1,1969.087671,74
1969,2,8,1969.106849,96
1969,2,15,1969.126027,85
1969,2,22,1969.145205,71
1969,3,1,1969.164384,80
1969,3,8,1969.183562,90
1969,3,15,1969.20274,58
1969,3,22,1969.221918,118
1969,3,29,1969.241096,56
1969,4,5,1969.260274,109
1969,4,12,1969.279452,188
1969,4,19,1969.29863,58
1969,4,26,1969.317808,107
1969,5,3,1969.336986,77
1969,5,10,1969.356164,208
1969,5,17,1969.375342,93
1969,5,24,1969.394521,92
1969,5,31,1969.413699,104
1969,6,7,1969.432877,186
1969,6,14,1969.452055,68
1969,6,21,1969.471233,130
1969,6,28,1969.490411,85
1969,7,5,1969.509589,41
1969,7,12,1969.528767,351
1969,7,19,1969.547945,19
1969,7,26,1969.567123,11
1969,8,2,1969.586301,10
1969,8,9,1969.605479,160
1969,8,16,1969.624658,14
1969,8,23,1969.643836,13
1969,8,30,1969.663014,5
1969,9,6,1969.682192,8
1969,9,13,1969.70137,21
1969,9,20,1969.720548,9
1969,9,27,1969.739726,11
1969,10,4,1969.758904,15
1969,10,11,1969.778082,5
1969,10,18,1969.79726,13
1969,10,25,1969.816438,21
1969,11,1,1969.835616,40
1969,11,8,1969.854795,42
1969,11,15,1969.873973,28
1969,11,22,1969.893151,40
1969,11,29,1969.912329,35
1969,12,6,1969.931507,26
1969,12,13,1969.950685,27
1969,12,20,1969.969863,87
1969,12,27,1969.989041,52
1970,1,3,1970.008219,
1970,1,10,1970.027397,
1970,1,17,1970.046575,
1970,1,24,1970.065753,
1970,1,31,1970.084932,
1970,2,7,1970.10411,
1970,2,14,1970.123288,
1970,2,21,1970.142466,
1970,2,28,1970.161644,
1970,3,7,1970.180822,
1970,3,14,1970.2,
1970,3,21,1970.219178
1970,3,28,1970.238356
1970,4,4,1970.257534
1970,4,11,1970.276712
1970,4,18,1970.29589
1970,4,25,1970.315068
1970,5,2,1970.334247
1970,5,9,1970.353425
1970,5,16,1970.372603
1970,5,23,1970.391781
1970,5,30,1970.410959
1970,6,6,1970.430137
1970,6,13,1970.449315
1970,6,20,1970.468493
1970,6,27,1970.487671
1970,7,4,1970.506849
1970,7,11,1970.526027
1970,7,18,1970.545205
1970,7,25,1970.564384
1970,8,1,1970.583562
1970,8,8,1970.60274
1970,8,15,1970.621918
1970,8,22,1970.641096
1970,8,29,1970.660274
1970,9,5,1970.679452
1970,9,12,1970.69863
1970,9,19,1970.717808
1970,9,26,1970.736986
1970,10,3,1970.756164
1970,10,10,1970.775342
1970,10,17,1970.794521
1970,10,24,1970.813699
1970,10,31,1970.832877,
1970,11,7,1970.852055,
1970,11,14,1970.871233,
1970,11,21,1970.890411,
1970,11,28,1970.909589,
1970,12,5,1970.928767,
1970,12,12,1970.947945,
1970,12,19,1970.967123,
1970,12,26,1970.986301,
1971,1,9,1971.024658,141
1971,1,16,1971.043836,197
1971,1,23,1971.063014,159
1971,1,30,1971.082192,100
1971,2,6,1971.10137,305
1971,2,13,1971.120548,164
1971,2,20,1971.139726,145
1971,2,27,1971.158904,123
1971,3,6,1971.178082,225
1971,3,13,1971.19726,227
1971,3,20,1971.216438,161
1971,3,27,1971.235616,67
1971,4,3,1971.254795,246
1971,4,10,1971.273973,144
1971,4,17,1971.293151,205
1971,4,24,1971.312329,172
1971,5,1,1971.331507,102
1971,5,8,1971.350685,256
1971,5,15,1971.369863,71
1971,5,22,1971.389041,169
1971,5,29,1971.408219,112
1971,6,5,1971.427397,116
1971,6,12,1971.446575,158
1971,6,19,1971.465753,112
1971,6,26,1971.484932,64
1971,7,3,1971.50411,54
1971,7,10,1971.523288,74
1971,7,17,1971.542466,58
1971,7,24,1971.561644,21
1971,7,31,1971.580822,22
1971,8,7,1971.6,9
1971,8,14,1971.619178,8
1971,8,21,1971.638356,8
1971,8,28,1971.657534,13
1971,9,4,1971.676712,2
1971,9,11,1971.69589,8
1971,9,18,1971.715068,7
1971,9,25,1971.734247,8
1971,10,2,1971.753425,10
1971,10,9,1971.772603,9
1971,10,16,1971.791781,7
1971,10,23,1971.810959,7
1971,10,30,1971.830137,14
1971,11,6,1971.849315,15
1971,11,13,1971.868493,16
1971,11,20,1971.887671,16
1971,11,27,1971.906849,8
1971,12,4,1971.926027,14
1971,12,11,1971.945205,10
1971,12,18,1971.964384,13
1971,12,25,1971.983562,13
1972,1,1,1972.00274,5
1972,1,8,1972.021918,8
1972,1,15,1972.041096,38
1972,1,22,1972.060274,29
1972,1,29,1972.079452,13
1972,2,5,1972.09863,30
1972,2,12,1972.117808,26
1972,2,19,1972.136986,18
1972,2,26,1972.156164,35
1972,3,4,1972.175342,24
1972,3,11,1972.194521,24
1972,3,18,1972.213699,13
1972,3,25,1972.232877,15
1972,4,1,1972.252055,13
1972,4,8,1972.271233,8
1972,4,15,1972.290411,20
1972,4,22,1972.309589,17
1972,4,29,1972.328767,31
1972,5,6,1972.347945,14
1972,5,13,1972.367123,17
1972,5,20,1972.386301,17
1972,5,27,1972.405479,28
1972,6,3,1972.424658,21
1972,6,10,1972.443836,36
1972,6,17,1972.463014,19
1972,6,24,1972.482192,43
1972,7,1,1972.50137,18
1972,7,8,1972.520548,7
1972,7,15,1972.539726,4
1972,7,22,1972.558904,9
1972,7,29,1972.578082,25
1972,8,5,1972.59726,9
1972,8,12,1972.616438,7
1972,8,19,1972.635616,16
1972,8,26,1972.654795,5
1972,9,2,1972.673973,3
1972,9,9,1972.693151,6
1972,9,16,1972.712329,6
1972,9,23,1972.731507,7
1972,9,30,1972.750685,7
1972,10,7,1972.769863,5
1972,10,14,1972.789041,8
1972,10,21,1972.808219,14
1972,10,28,1972.827397,19
1972,11,4,1972.846575,16
1972,11,11,1972.865753,20
1972,11,18,1972.884932,7
1972,11,25,1972.90411,24
1972,12,2,1972.923288,13
1972,12,9,1972.942466,20
1972,12,16,1972.961644,23
1972,12,23,1972.980822,12
1972,12,30,1973,32
1973,1,6,1973.016438,16
1973,1,13,1973.035616,18
1973,1,20,1973.054795,14
1973,1,27,1973.073973,17
1973,2,3,1973.093151,32
1973,2,10,1973.112329,33
1973,2,17,1973.131507,18
1973,2,24,1973.150685,18
1973,3,3,1973.169863,21
1973,3,10,1973.189041,36
1973,3,17,1973.208219,35
1973,3,24,1973.227397,34
1973,3,31,1973.246575,42
1973,4,7,1973.265753,49
1973,4,14,1973.284932,30
1973,4,21,1973.30411,49
1973,4,28,1973.323288,71
1973,5,5,1973.342466,61
1973,5,12,1973.361644,54
1973,5,19,1973.380822,95
1973,5,26,1973.4,111
1973,6,2,1973.419178,75
1973,6,9,1973.438356,151
1973,6,16,1973.457534,115
1973,6,23,1973.476712,73
1973,6,30,1973.49589,316
1973,7,7,1973.515068,129
1973,7,14,1973.534247,47
1973,7,21,1973.553425,26
1973,7,28,1973.572603,34
1973,8,4,1973.591781,18
1973,8,11,1973.610959,40
1973,8,18,1973.630137,39
1973,8,25,1973.649315,21
1973,9,1,1973.668493,29
1973,9,8,1973.687671,12
1973,9,15,1973.706849,26
1973,9,22,1973.726027,14
1973,9,29,1973.745205,18
1973,10,6,1973.764384,28
1973,10,13,1973.783562,21
1973,10,20,1973.80274,59
1973,10,27,1973.821918,73
1973,11,3,1973.841096,138
1973,11,10,1973.860274,34
1973,11,17,1973.879452,77
1973,11,24,1973.89863,44
1973,12,1,1973.917808,26
1973,12,8,1973.936986,148
1973,12,15,1973.956164,32
1973,12,22,1973.975342,69
1973,12,29,1973.994521,43
1974,1,5,1974.013699,111
1974,1,12,1974.032877,68
1974,1,19,1974.052055,49
1974,1,26,1974.071233,108
1974,2,2,1974.090411,28
1974,2,9,1974.109589,119
1974,2,16,1974.128767,156
1974,2,23,1974.147945,58
1974,3,2,1974.167123,74
1974,3,9,1974.186301,138
1974,3,16,1974.205479,68
1974,3,23,1974.224658,62
1974,3,30,1974.243836,84
1974,4,6,1974.263014,92
1974,4,13,1974.282192,122
1974,4,20,1974.30137,30
1974,4,27,1974.320548,206
1974,5,4,1974.339726,167
1974,5,11,1974.358904,199
1974,5,18,1974.378082,247
1974,5,25,1974.39726,169
1974,6,1,1974.416438,128
1974,6,8,1974.435616,249
1974,6,15,1974.454795,114
1974,6,22,1974.473973,125
1974,6,29,1974.493151,200
1974,7,6,1974.512329,55
1974,7,13,1974.531507,176
1974,7,20,1974.550685,41
1974,7,27,1974.569863,15
1974,8,3,1974.589041,8
1974,8,10,1974.608219,25
1974,8,17,1974.627397,11
1974,8,24,1974.646575,3
1974,8,31,1974.665753,6
1974,9,7,1974.684932,19
1974,9,14,1974.70411,6
1974,9,21,1974.723288,7
1974,9,28,1974.742466,30
1974,10,5,1974.761644,36
1974,10,12,1974.780822,22
1974,10,19,1974.8,25
1974,10,26,1974.819178,26
1974,11,2,1974.838356,48
1974,11,9,1974.857534,102
1974,11,16,1974.876712,34
1974,11,23,1974.89589,77
1974,11,30,1974.915068,106
1974,12,7,1974.934247,54
1974,12,14,1974.953425,52
1974,12,21,1974.972603,
1974,12,28,1974.991781,178
1975,1,4,1975.010959,36
1975,1,11,1975.030137,121
1975,1,18,1975.049315,63
1975,1,25,1975.068493,54
1975,2,1,1975.087671,124
1975,2,8,1975.106849,63
1975,2,15,1975.126027,88
1975,2,22,1975.145205,24
1975,3,1,1975.164384,138
1975,3,8,1975.183562,143
1975,3,15,1975.20274,170
1975,3,22,1975.221918,123
1975,3,29,1975.241096,51
1975,4,5,1975.260274,205
1975,4,12,1975.279452,128
1975,4,19,1975.29863,139
1975,4,26,1975.317808,147
1975,5,3,1975.336986,162
1975,5,10,1975.356164,148
1975,5,17,1975.375342,266
1975,5,24,1975.394521,191
1975,5,31,1975.413699,145
1975,6,7,1975.432877,147
1975,6,14,1975.452055,87
1975,6,21,1975.471233,88
1975,6,28,1975.490411,54
1975,7,5,1975.509589,70
1975,7,12,1975.528767,11
1975,7,19,1975.547945,13
1975,7,26,1975.567123,14
1975,8,2,1975.586301,8
1975,8,9,1975.605479,13
1975,8,16,1975.624658,4
1975,8,23,1975.643836,7
1975,8,30,1975.663014,2
1975,9,6,1975.682192,4
1975,9,13,1975.70137,17
1975,9,20,1975.720548,14
1975,9,27,1975.739726,15
1975,10,4,1975.758904,12
1975,10,11,1975.778082,23
1975,10,18,1975.79726,9
1975,10,25,1975.816438,5
1975,11,1,1975.835616,11
1975,11,8,1975.854795,12
1975,11,15,1975.873973,20
1975,11,22,1975.893151,13
1975,11,29,1975.912329,24
1975,12,6,1975.931507,42
1975,12,13,1975.950685,100
1975,12,20,1975.969863,25
1975,12,27,1975.989041,48
1976,1,3,1976.008219,15
1976,1,10,1976.027397,47
1976,1,17,1976.046575,61
1976,1,24,1976.065753,30
1976,1,31,1976.084932,59
1976,2,7,1976.10411,61
1976,2,14,1976.123288,78
1976,2,21,1976.142466,36
1976,2,28,1976.161644,153
1976,3,6,1976.180822,48
1976,3,13,1976.2,128
1976,3,20,1976.219178,38
1976,3,27,1976.238356,35
1976,4,3,1976.257534,30
1976,4,10,1976.276712,93
1976,4,17,1976.29589,49
1976,4,24,1976.315068,47
1976,5,1,1976.334247,21
1976,5,8,1976.353425,106
1976,5,15,1976.372603,52
1976,5,22,1976.391781,59
1976,5,29,1976.410959,38
1976,6,5,1976.430137,72
1976,6,12,1976.449315,30
1976,6,19,1976.468493,88
1976,6,26,1976.487671,19
1976,7,3,1976.506849,49
1976,7,10,1976.526027,32
1976,7,17,1976.545205,9
1976,7,24,1976.564384,16
1976,7,31,1976.583562,8
1976,8,7,1976.60274,10
1976,8,14,1976.621918,5
1976,8,21,1976.641096,11
1976,8,28,1976.660274,12
1976,9,4,1976.679452,3
1976,9,11,1976.69863,5
1976,9,18,1976.717808,4
1976,9,25,1976.736986,4
1976,10,2,1976.756164,9
1976,10,9,1976.775342,21
1976,10,16,1976.794521,14
1976,10,23,1976.813699,8
1976,10,30,1976.832877,12
1976,11,6,1976.852055,14
1976,11,13,1976.871233,28
1976,11,20,1976.890411,21
1976,11,27,1976.909589,28
1976,12,4,1976.928767,28
1976,12,11,1976.947945,21
1976,12,18,1976.967123,21
1976,12,25,1976.986301,11
1977,1,1,1977.00274,8
1977,1,8,1977.021918,88
1977,1,15,1977.041096,29
1977,1,22,1977.060274,29
1977,1,29,1977.079452,70
1977,2,5,1977.09863,64
1977,2,12,1977.117808,73
1977,2,19,1977.136986,71
1977,2,26,1977.156164,92
1977,3,5,1977.175342,98
1977,3,12,1977.194521,110
1977,3,19,1977.213699,101
1977,3,26,1977.232877,93
1977,4,2,1977.252055,115
1977,4,9,1977.271233,59
1977,4,16,1977.290411,128
1977,4,23,1977.309589,136
1977,4,30,1977.328767,227
1977,5,7,1977.347945,48
1977,5,14,1977.367123,171
1977,5,21,1977.386301,135
1977,5,28,1977.405479,234
1977,6,4,1977.424658,338
1977,6,11,1977.443836,129
1977,6,18,1977.463014,215
1977,6,25,1977.482192,144
1977,7,2,1977.50137,223
1977,7,9,1977.520548,104
1977,7,16,1977.539726,91
1977,7,23,1977.558904,35
1977,7,30,1977.578082,38
1977,8,6,1977.59726,22
1977,8,13,1977.616438,18
1977,8,20,1977.635616,19
1977,8,27,1977.654795,10
1977,9,3,1977.673973,11
1977,9,10,1977.693151,8
1977,9,17,1977.712329,12
1977,9,24,1977.731507,5
1977,10,1,1977.750685,14
1977,10,8,1977.769863,3
1977,10,15,1977.789041,15
1977,10,22,1977.808219,13
1977,10,29,1977.827397,8
1977,11,5,1977.846575,16
1977,11,12,1977.865753,28
1977,11,19,1977.884932,16
1977,11,26,1977.90411,75
1977,12,3,1977.923288,15
1977,12,10,1977.942466,73
1977,12,17,1977.961644,52
1977,12,24,1977.980822,7
1977,12,31,1978,18
1978,1,7,1978.019178,25
1978,1,14,1978.038356,60
1978,1,21,1978.057534,32
1978,1,28,1978.076712,6
1978,2,4,1978.09589,17
1978,2,11,1978.115068,112
1978,2,18,1978.134247,100
1978,2,25,1978.153425,91
1978,3,4,1978.172603,107
1978,3,11,1978.191781,128
1978,3,18,1978.210959,27
1978,3,25,1978.230137,113
1978,4,1,1978.249315,27
1978,4,8,1978.268493,293
1978,4,15,1978.287671,147
1978,4,22,1978.306849,22
1978,4,29,1978.326027,143
1978,5,6,1978.345205,165
1978,5,13,1978.364384,128
1978,5,20,1978.383562,67
1978,5,27,1978.40274,154
1978,6,3,1978.421918,61
1978,6,10,1978.441096,73
1978,6,17,1978.460274,108
1978,6,24,1978.479452,55
1978,7,1,1978.49863,35
1978,7,8,1978.517808,54
1978,7,15,1978.536986,24
1978,7,22,1978.556164,28
1978,7,29,1978.575342,1
1978,8,5,1978.594521,21
1978,8,12,1978.613699,9
1978,8,19,1978.632877,18
1978,8,26,1978.652055,12
1978,9,2,1978.671233,7
1978,9,9,1978.690411,11
1978,9,16,1978.709589,8
1978,9,23,1978.728767,7
1978,9,30,1978.747945,6
1978,10,7,1978.767123,14
1978,10,14,1978.786301,14
1978,10,21,1978.805479,8
1978,10,28,1978.824658,30
1978,11,4,1978.843836,33
1978,11,11,1978.863014,10
1978,11,18,1978.882192,25
1978,11,25,1978.90137,10
1978,12,2,1978.920548,44
1978,12,9,1978.939726,27
1978,12,16,1978.958904,66
1978,12,23,1978.978082,15
1978,12,30,1978.99726,30
1979,1,6,1979.016438,21
1979,1,13,1979.035616,42
1979,1,20,1979.054795,76
1979,1,27,1979.073973,65
1979,2,3,1979.093151,38
1979,2,10,1979.112329,177
1979,2,17,1979.131507,121
1979,2,24,1979.150685,94
1979,3,3,1979.169863,67
1979,3,10,1979.189041,212
1979,3,17,1979.208219,135
1979,3,24,1979.227397,146
1979,3,31,1979.246575,95
1979,4,7,1979.265753,118
1979,4,14,1979.284932,218
1979,4,21,1979.30411,321
1979,4,28,1979.323288,243
1979,5,5,1979.342466,453
1979,5,12,1979.361644,381
1979,5,19,1979.380822,279
1979,5,26,1979.4,805
1979,6,2,1979.419178,488
1979,6,9,1979.438356,501
1979,6,16,1979.457534,371
1979,6,23,1979.476712,497
1979,6,30,1979.49589,667
1979,7,7,1979.515068,162
1979,7,14,1979.534247,42
1979,7,21,1979.553425,24
1979,7,28,1979.572603,37
1979,8,4,1979.591781,21
1979,8,11,1979.610959,24
1979,8,18,1979.630137,19
1979,8,25,1979.649315,17
1979,9,1,1979.668493,25
1979,9,8,1979.687671,5
1979,9,15,1979.706849,3
1979,9,22,1979.726027,28
1979,9,29,1979.745205,8
1979,10,6,1979.764384,9
1979,10,13,1979.783562,27
1979,10,20,1979.80274,32
1979,10,27,1979.821918,20
1979,11,3,1979.841096,13
1979,11,10,1979.860274,36
1979,11,17,1979.879452,40
1979,11,24,1979.89863,47
1979,12,1,1979.917808,36
1979,12,8,1979.936986,50
1979,12,15,1979.956164,77
1979,12,22,1979.975342,19
1979,12,29,1979.994521,31
1980,1,5,1980.013699,207
1980,1,12,1980.032877,93
1980,1,19,1980.052055,64
1980,1,26,1980.071233,72
1980,2,2,1980.090411,51
1980,2,9,1980.109589,181
1980,2,16,1980.128767,102
1980,2,23,1980.147945,139
1980,3,1,1980.167123,150
1980,3,8,1980.186301,388
1980,3,15,1980.205479,177
1980,3,22,1980.224658,116
1980,3,29,1980.243836,300
1980,4,5,1980.263014,205
1980,4,12,1980.282192,645
1980,4,19,1980.30137,700
1980,4,26,1980.320548,316
1980,5,3,1980.339726,661
1980,5,10,1980.358904,537
1980,5,17,1980.378082,372
1980,5,24,1980.39726,516
1980,5,31,1980.416438,370
1980,6,7,1980.435616,317
1980,6,14,1980.454795,278
1980,6,21,1980.473973,303
1980,6,28,1980.493151,80
1980,7,5,1980.512329,103
1980,7,12,1980.531507,344
1980,7,19,1980.550685,68
1980,7,26,1980.569863,14
1980,8,2,1980.589041,27
1980,8,9,1980.608219,18
1980,8,16,1980.627397,16
1980,8,23,1980.646575,18
1980,8,30,1980.665753,7
1980,9,6,1980.684932,15
1980,9,13,1980.70411,3
1980,9,20,1980.723288,12
1980,9,27,1980.742466,18
1980,10,4,1980.761644,20
1980,10,11,1980.780822,15
1980,10,18,1980.8,37
1980,10,25,1980.819178,15
1980,11,1,1980.838356,9
1980,11,8,1980.857534,15
1980,11,15,1980.876712,10
1980,11,22,1980.89589,28
1980,11,29,1980.915068,31
1980,12,6,1980.934247,13
1980,12,13,1980.953425,33
1980,12,20,1980.972603,
1980,12,27,1980.991781,24
1981,1,3,1981.008219,17
1981,1,10,1981.027397,18
1981,1,17,1981.046575,14
1981,1,24,1981.065753,31
1981,1,31,1981.084932,17
1981,2,7,1981.10411,41
1981,2,14,1981.123288,16
1981,2,21,1981.142466,23
1981,2,28,1981.161644,24
1981,3,7,1981.180822,39
1981,3,14,1981.2,38
1981,3,21,1981.219178,29
1981,3,28,1981.238356,15
1981,4,4,1981.257534,20
1981,4,11,1981.276712,22
1981,4,18,1981.29589,21
1981,4,25,1981.315068,21
1981,5,2,1981.334247,23
1981,5,9,1981.353425,36
1981,5,16,1981.372603,23
1981,5,23,1981.391781,35
1981,5,30,1981.410959,18
1981,6,6,1981.430137,30
1981,6,13,1981.449315,11
1981,6,20,1981.468493,16
1981,6,27,1981.487671,1
1981,7,4,1981.506849,10
1981,7,11,1981.526027,2
1981,7,18,1981.545205,3
1981,7,25,1981.564384,3
1981,8,1,1981.583562,9
1981,8,8,1981.60274,3
1981,8,15,1981.621918,10
1981,8,22,1981.641096,3
1981,8,29,1981.660274,2
1981,9,5,1981.679452,3
1981,9,12,1981.69863,4
1981,9,19,1981.717808,6
1981,9,26,1981.736986,3
1981,10,3,1981.756164,5
1981,10,10,1981.775342,9
1981,10,17,1981.794521,17
1981,10,24,1981.813699,15
1981,10,31,1981.832877,6
1981,11,7,1981.852055,10
1981,11,14,1981.871233,25
1981,11,21,1981.890411,23
1981,11,28,1981.909589,13
1981,12,5,1981.928767,19
1981,12,12,1981.947945,15
1981,12,19,1981.967123,
1981,12,26,1981.986301,32
1982,1,2,1982.005479,3
1982,1,9,1982.024658,14
1982,1,16,1982.043836,17
1982,1,23,1982.063014,7
1982,1,30,1982.082192,6
1982,2,6,1982.10137,18
1982,2,13,1982.120548,10
1982,2,20,1982.139726,10
1982,2,27,1982.158904,15
1982,3,6,1982.178082,9
1982,3,13,1982.19726,31
1982,3,20,1982.216438,7
1982,3,27,1982.235616,9
1982,4,3,1982.254795,16
1982,4,10,1982.273973,7
1982,4,17,1982.293151,10
1982,4,24,1982.312329,10
1982,5,1,1982.331507,7
1982,5,8,1982.350685,13
1982,5,15,1982.369863,17
1982,5,22,1982.389041,17
1982,5,29,1982.408219,13
1982,6,5,1982.427397,12
1982,6,12,1982.446575,7
1982,6,19,1982.465753,14
1982,6,26,1982.484932,8
1982,7,3,1982.50411,4
1982,7,10,1982.523288,6
1982,7,17,1982.542466,4
1982,7,24,1982.561644,5
1982,7,31,1982.580822,4
1982,8,7,1982.6,8
1982,8,14,1982.619178,1
1982,8,21,1982.638356,1
1982,8,28,1982.657534,5
1982,9,4,1982.676712,4
1982,9,11,1982.69589,3
1982,9,18,1982.715068,5
1982,9,25,1982.734247,7
1982,10,2,1982.753425,5
1982,10,9,1982.772603,4
1982,10,16,1982.791781,7
1982,10,23,1982.810959,5
1982,10,30,1982.830137,11
1982,11,6,1982.849315,5
1982,11,13,1982.868493,16
1982,11,20,1982.887671,10
1982,11,27,1982.906849,7
1982,12,4,1982.926027,21
1982,12,11,1982.945205,13
1982,12,18,1982.964384,12
1982,12,25,1982.983562,18
1983,1,1,1983.00274,6
1983,1,8,1983.021918,7
1983,1,15,1983.041096,4
1983,1,22,1983.060274,15
1983,1,29,1983.079452,10
1983,2,5,1983.09863,6
1983,2,12,1983.117808,9
1983,2,19,1983.136986,14
1983,2,26,1983.156164,10
1983,3,5,1983.175342,17
1983,3,12,1983.194521,7
1983,3,19,1983.213699,6
1983,3,26,1983.232877,7
1983,4,2,1983.252055,7
1983,4,9,1983.271233,9
1983,4,16,1983.290411,13
1983,4,23,1983.309589,3
1983,4,30,1983.328767,12
1983,5,7,1983.347945,13
1983,5,14,1983.367123,13
1983,5,21,1983.386301,6
1983,5,28,1983.405479,18
1983,6,4,1983.424658,7
1983,6,11,1983.443836,12
1983,6,18,1983.463014,13
1983,6,25,1983.482192,4
1983,7,2,1983.50137,11
1983,7,9,1983.520548,4
1983,7,16,1983.539726,1
1983,7,23,1983.558904,5
1983,7,30,1983.578082,1
1983,8,6,1983.59726,3
1983,8,13,1983.616438,4
1983,8,20,1983.635616,7
1983,8,27,1983.654795,1
1983,9,3,1983.673973,4
1983,9,10,1983.693151,6
1983,9,17,1983.712329,3
1983,9,24,1983.731507,3
1983,10,1,1983.750685,6
1983,10,8,1983.769863,1
1983,10,15,1983.789041,9
1983,10,22,1983.808219,5
1983,10,29,1983.827397,9
1983,11,5,1983.846575,2
1983,11,12,1983.865753,20
1983,11,19,1983.884932,26
1983,11,26,1983.90411,8
1983,12,3,1983.923288,11
1983,12,10,1983.942466,32
1983,12,17,1983.961644,41
1983,12,24,1983.980822,13
1983,12,31,1984,91
1984,1,7,1984.019178,15
1984,1,14,1984.038356,22
1984,1,21,1984.057534,9
1984,1,28,1984.076712,11
1984,2,4,1984.09589,47
1984,2,11,1984.115068,45
1984,2,18,1984.134247,33
1984,2,25,1984.153425,45
1984,3,3,1984.172603,55
1984,3,10,1984.191781,95
1984,3,17,1984.210959,29
1984,3,24,1984.230137,47
1984,3,31,1984.249315,80
1984,4,7,1984.268493,55
1984,4,14,1984.287671,47
1984,4,21,1984.306849,75
1984,4,28,1984.326027,71
1984,5,5,1984.345205,53
1984,5,12,1984.364384,76
1984,5,19,1984.383562,53
1984,5,26,1984.40274,48
1984,6,2,1984.421918,50
1984,6,9,1984.441096,41
1984,6,16,1984.460274,36
1984,6,23,1984.479452,14
1984,6,30,1984.49863,17
1984,7,7,1984.517808,35
1984,7,14,1984.536986,9
1984,7,21,1984.556164,10
1984,7,28,1984.575342,13
1984,8,4,1984.594521,4
1984,8,11,1984.613699,11
1984,8,18,1984.632877,8
1984,8,25,1984.652055,3
1984,9,1,1984.671233,
1984,9,8,1984.690411,7
1984,9,15,1984.709589,3
1984,9,22,1984.728767,12
1984,9,29,1984.747945,2
1984,10,6,1984.767123,7
1984,10,13,1984.786301,4
1984,10,20,1984.805479,10
1984,10,27,1984.824658,3
1984,11,3,1984.843836,9
1984,11,10,1984.863014,6
1984,11,17,1984.882192,18
1984,11,24,1984.90137,4
1984,12,1,1984.920548,9
1984,12,8,1984.939726,16
1984,12,15,1984.958904,10
1984,12,22,1984.978082,23
1984,12,29,1984.99726,4
1985,1,5,1985.013699,9
1985,1,12,1985.032877,6
1985,1,19,1985.052055,10
1985,1,26,1985.071233,6
1985,2,2,1985.090411,13
1985,2,9,1985.109589,14
1985,2,16,1985.128767,16
1985,2,23,1985.147945,14
1985,3,2,1985.167123,9
1985,3,9,1985.186301,9
1985,3,16,1985.205479,12
1985,3,23,1985.224658,15
1985,3,30,1985.243836,20
1985,4,6,1985.263014,13
1985,4,13,1985.282192,29
1985,4,20,1985.30137,30
1985,4,27,1985.320548,11
1985,5,4,1985.339726,11
1985,5,11,1985.358904,14
1985,5,18,1985.378082,20
1985,5,25,1985.39726,28
1985,6,1,1985.416438,22
1985,6,8,1985.435616,13
1985,6,15,1985.454795,15
1985,6,22,1985.473973,12
1985,6,29,1985.493151,10
1985,7,6,1985.512329,14
1985,7,13,1985.531507,10
1985,7,20,1985.550685,5
1985,7,27,1985.569863,1
1985,8,3,1985.589041,4
1985,8,10,1985.608219,4
1985,8,17,1985.627397,9
1985,8,24,1985.646575,3
1985,8,31,1985.665753,3
1985,9,7,1985.684932,5
1985,9,14,1985.70411,3
1985,9,21,1985.723288,7
1985,9,28,1985.742466,2
1985,10,5,1985.761644,3
1985,10,12,1985.780822,5
1985,10,19,1985.8,12
1985,10,26,1985.819178,5
1985,11,2,1985.838356,4
1985,11,9,1985.857534,7
1985,11,16,1985.876712,7
1985,11,23,1985.89589,7
1985,11,30,1985.915068,5
1985,12,7,1985.934247,6
1985,12,14,1985.953425,9
1985,12,21,1985.972603,10
1985,12,28,1985.991781,2
1986,1,4,1986.010959,6
1986,1,11,1986.030137,1
1986,1,18,1986.049315,10
1986,1,25,1986.068493,12
1986,2,1,1986.087671,17
1986,2,8,1986.106849,32
1986,2,15,1986.126027,24
1986,2,22,1986.145205,27
1986,3,1,1986.164384,20
1986,3,8,1986.183562,5
1986,3,15,1986.20274,17
1986,3,22,1986.221918,11
1986,3,29,1986.241096,18
1986,4,5,1986.260274,53
1986,4,12,1986.279452,30
1986,4,19,1986.29863,27
1986,4,26,1986.317808,37
1986,5,3,1986.336986,34
1986,5,10,1986.356164,28
1986,5,17,1986.375342,75
1986,5,24,1986.394521,111
1986,5,31,1986.413699,36
1986,6,7,1986.432877,63
1986,6,14,1986.452055,40
1986,6,21,1986.471233,75
1986,6,28,1986.490411,8
1986,7,5,1986.509589,81
1986,7,12,1986.528767,19
1986,7,19,1986.547945,23
1986,7,26,1986.567123,39
1986,8,2,1986.586301,5
1986,8,9,1986.605479,8
1986,8,16,1986.624658,1
1986,8,23,1986.643836,2
1986,8,30,1986.663014,12
1986,9,6,1986.682192,11
1986,9,13,1986.70137,5
1986,9,20,1986.720548,5
1986,9,27,1986.739726,19
1986,10,4,1986.758904,2
1986,10,11,1986.778082,18
1986,10,18,1986.79726,27
1986,10,25,1986.816438,9
1986,11,1,1986.835616,12
1986,11,8,1986.854795,11
1986,11,15,1986.873973,21
1986,11,22,1986.893151,9
1986,11,29,1986.912329,15
1986,12,6,1986.931507,25
1986,12,13,1986.950685,6
1986,12,20,1986.969863,33
1986,12,27,1986.989041,74
1987,1,3,1987.008219,4
1987,1,10,1987.027397,55
1987,1,17,1987.046575,13
1987,1,24,1987.065753,26
1987,1,31,1987.084932,15
1987,2,7,1987.10411,11
1987,2,14,1987.123288,18
1987,2,21,1987.142466,15
1987,2,28,1987.161644,10
1987,3,7,1987.180822,23
1987,3,14,1987.2,8
1987,3,21,1987.219178,10
1987,3,28,1987.238356,22
1987,4,4,1987.257534,13
1987,4,11,1987.276712,16
1987,4,18,1987.29589,4
1987,4,25,1987.315068,6
1987,5,2,1987.334247,17
1987,5,9,1987.353425,8
1987,5,16,1987.372603,22
1987,5,23,1987.391781,16
1987,5,30,1987.410959,7
1987,6,6,1987.430137,19
1987,6,13,1987.449315,33
1987,6,20,1987.468493,18
1987,6,27,1987.487671,7
1987,7,4,1987.506849,10
1987,7,11,1987.526027,13
1987,7,18,1987.545205,
1987,7,25,1987.564384,6
1987,8,1,1987.583562,2
1987,8,8,1987.60274,2
1987,8,15,1987.621918,3
1987,8,22,1987.641096,5
1987,8,29,1987.660274,1
1987,9,5,1987.679452,1
1987,9,12,1987.69863,6
1987,9,19,1987.717808,1
1987,9,26,1987.736986,1
1987,10,3,1987.756164,4
1987,10,10,1987.775342,
1987,10,17,1987.794521,3
1987,10,24,1987.813699,9
1987,10,31,1987.832877,3
1987,11,7,1987.852055,3
1987,11,14,1987.871233,8
1987,11,21,1987.890411,4
1987,11,28,1987.909589,3
1987,12,5,1987.928767,7
1987,12,12,1987.947945,9
1987,12,19,1987.967123,
1987,12,26,1987.986301,5
1988,1,2,1988.005479,5
1988,1,9,1988.024658,8
1988,1,16,1988.043836,9
1988,1,23,1988.063014,8
1988,1,30,1988.082192,1
1988,2,6,1988.10137,4
1988,2,13,1988.120548,4
1988,2,20,1988.139726,13
1988,2,27,1988.158904,11
1988,3,5,1988.178082,5
1988,3,12,1988.19726,7
1988,3,19,1988.216438,9
1988,3,26,1988.235616,2
1988,4,2,1988.254795,2
1988,4,9,1988.273973,12
1988,4,16,1988.293151,4
1988,4,23,1988.312329,10
1988,4,30,1988.331507,3
1988,5,7,1988.350685,14
1988,5,14,1988.369863,3
1988,5,21,1988.389041,9
1988,5,28,1988.408219,15
1988,6,4,1988.427397,2
1988,6,11,1988.446575,11
1988,6,18,1988.465753,6
1988,6,25,1988.484932,4
1988,7,2,1988.50411,9
1988,7,9,1988.523288,4
1988,7,16,1988.542466,14
1988,7,23,1988.561644,5
1988,7,30,1988.580822,1
1988,8,6,1988.6,3
1988,8,13,1988.619178,3
1988,8,20,1988.638356,1
1988,8,27,1988.657534,2
1988,9,3,1988.676712,
1988,9,10,1988.69589,4
1988,9,17,1988.715068,2
1988,9,24,1988.734247,
1988,10,1,1988.753425,5
1988,10,8,1988.772603,3
1988,10,15,1988.791781,2
1988,10,22,1988.810959,1
1988,10,29,1988.830137,8
1988,11,5,1988.849315,1
1988,11,12,1988.868493,9
1988,11,19,1988.887671,2
1988,11,26,1988.906849,2
1988,12,3,1988.926027,3
1988,12,10,1988.945205,12
1988,12,17,1988.964384,3
1988,12,24,1988.983562,
1988,12,31,1989.00274,
1989,1,7,1989.019178,5
1989,1,14,1989.038356,3
1989,1,21,1989.057534,1
1989,1,28,1989.076712,10
1989,2,4,1989.09589,5
1989,2,11,1989.115068,24
1989,2,18,1989.134247,2
1989,2,25,1989.153425,3
1989,3,4,1989.172603,6
1989,3,11,1989.191781,2
1989,3,18,1989.210959,4
1989,3,25,1989.230137,18
1989,4,1,1989.249315,2
1989,4,8,1989.268493,2
1989,4,15,1989.287671,10
1989,4,22,1989.306849,9
1989,4,29,1989.326027,40
1989,5,6,1989.345205,35
1989,5,13,1989.364384,28
1989,5,20,1989.383562,29
1989,5,27,1989.40274,53
1989,6,3,1989.421918,77
1989,6,10,1989.441096,20
1989,6,17,1989.460274,64
1989,6,24,1989.479452,19
1989,7,1,1989.49863,20
1989,7,8,1989.517808,23
1989,7,15,1989.536986,10
1989,7,22,1989.556164,8
1989,7,29,1989.575342,4
1989,8,5,1989.594521,6
1989,8,12,1989.613699,2
1989,8,19,1989.632877,3
1989,8,26,1989.652055,1
1989,9,2,1989.671233,2
1989,9,9,1989.690411,1
1989,9,16,1989.709589,8
1989,9,23,1989.728767,5
1989,9,30,1989.747945,5
1989,10,7,1989.767123,6
1989,10,14,1989.786301,8
1989,10,21,1989.805479,3
1989,10,28,1989.824658,4
1989,11,4,1989.843836,5
1989,11,11,1989.863014,6
1989,11,18,1989.882192,3
1989,11,25,1989.90137,2
1989,12,2,1989.920548,3
1989,12,9,1989.939726,11
1989,12,16,1989.958904,7
1989,12,23,1989.978082,9
1989,12,30,1989.99726,16
